<?xml version="1.0" encoding="UTF-8"?>
<DEFECTS>
  <DEFECT>
    <SFA>
      <FILEPATH>c:\users\admin\source\repos\lastclass\lastclass\</FILEPATH>
      <FILENAME>array.h</FILENAME>
      <LINE>181</LINE>
      <COLUMN>10</COLUMN>
    </SFA>
    <DEFECTCODE>6011</DEFECTCODE>
    <DESCRIPTION>NULL 포인터 'temp'을(를) 역참조하고 있습니다. </DESCRIPTION>
    <FUNCTION>Array&lt;Figure *&gt;::Delete</FUNCTION>
    <DECORATED>?Delete@?$Array@PAVFigure@@@@QAEJJ@Z</DECORATED>
    <FUNCLINE>167</FUNCLINE>
    <PROBABILITY>1</PROBABILITY>
    <RANK>4</RANK>
    <CATEGORY>
      <RULECATEGORY>mspft</RULECATEGORY>
    </CATEGORY>
    <PATH>
      <SFA>
        <FILEPATH>c:\users\admin\source\repos\lastclass\lastclass\</FILEPATH>
        <FILENAME>array.h</FILENAME>
        <LINE>168</LINE>
        <COLUMN>2</COLUMN>
        <KEYEVENT>
          <ID>1</ID>
          <KIND>선언</KIND>
          <IMPORTANCE>Essential</IMPORTANCE>
          <MESSAGE>'temp'이(가) NULL입니다.</MESSAGE>
        </KEYEVENT>
      </SFA>
      <SFA>
        <FILEPATH>c:\users\admin\source\repos\lastclass\lastclass\</FILEPATH>
        <FILENAME>array.h</FILENAME>
        <LINE>169</LINE>
        <COLUMN>6</COLUMN>
      </SFA>
      <SFA>
        <FILEPATH>c:\users\admin\source\repos\lastclass\lastclass\</FILEPATH>
        <FILENAME>array.h</FILENAME>
        <LINE>170</LINE>
        <COLUMN>6</COLUMN>
      </SFA>
      <SFA>
        <FILEPATH>c:\users\admin\source\repos\lastclass\lastclass\</FILEPATH>
        <FILENAME>array.h</FILENAME>
        <LINE>171</LINE>
        <COLUMN>20</COLUMN>
        <KEYEVENT>
          <ID>2</ID>
          <KIND>분기</KIND>
          <IMPORTANCE>Full</IMPORTANCE>
          <MESSAGE>이 분기 건너뛰기, ('this-&gt;capacity&gt;1'이(가) false라고 가정)</MESSAGE>
        </KEYEVENT>
      </SFA>
      <SFA>
        <FILEPATH>c:\users\admin\source\repos\lastclass\lastclass\</FILEPATH>
        <FILENAME>array.h</FILENAME>
        <LINE>174</LINE>
        <COLUMN>10</COLUMN>
      </SFA>
      <SFA>
        <FILEPATH>c:\users\admin\source\repos\lastclass\lastclass\</FILEPATH>
        <FILENAME>array.h</FILENAME>
        <LINE>179</LINE>
        <COLUMN>2</COLUMN>
      </SFA>
      <SFA>
        <FILEPATH>c:\users\admin\source\repos\lastclass\lastclass\</FILEPATH>
        <FILENAME>array.h</FILENAME>
        <LINE>180</LINE>
        <COLUMN>10</COLUMN>
        <KEYEVENT>
          <ID>3</ID>
          <KIND>분기</KIND>
          <IMPORTANCE>Full</IMPORTANCE>
          <MESSAGE>이 루프 시작, ('i&lt;this-&gt;length' 가정)</MESSAGE>
        </KEYEVENT>
      </SFA>
      <SFA>
        <FILEPATH>c:\users\admin\source\repos\lastclass\lastclass\</FILEPATH>
        <FILENAME>array.h</FILENAME>
        <LINE>181</LINE>
        <COLUMN>10</COLUMN>
        <KEYEVENT>
          <ID>4</ID>
          <KIND>사용법</KIND>
          <IMPORTANCE>Essential</IMPORTANCE>
          <MESSAGE>'temp'이(가) 역참조되었지만 여전히 NULL일 수 있습니다.</MESSAGE>
        </KEYEVENT>
      </SFA>
    </PATH>
  </DEFECT>
  <DEFECT>
    <SFA>
      <FILEPATH>c:\users\admin\source\repos\lastclass\lastclass\</FILEPATH>
      <FILENAME>array.h</FILENAME>
      <LINE>181</LINE>
      <COLUMN>10</COLUMN>
    </SFA>
    <DEFECTCODE>6386</DEFECTCODE>
    <DESCRIPTION>'temp'에 쓰는 동안 버퍼 오버런이 발생했습니다.  쓰기 가능한 크기는 '(capacity-1)*4'바이트인데 실제로는 '8'바이트만 쓸 수 있습니다.</DESCRIPTION>
    <FUNCTION>Array&lt;Figure *&gt;::Delete</FUNCTION>
    <DECORATED>?Delete@?$Array@PAVFigure@@@@QAEJJ@Z</DECORATED>
    <FUNCLINE>167</FUNCLINE>
    <PROBABILITY>1</PROBABILITY>
    <RANK>4</RANK>
    <CATEGORY>
      <RULECATEGORY>mspft</RULECATEGORY>
    </CATEGORY>
    <PATH>
      <SFA>
        <FILEPATH>c:\users\admin\source\repos\lastclass\lastclass\</FILEPATH>
        <FILENAME>array.h</FILENAME>
        <LINE>168</LINE>
        <COLUMN>2</COLUMN>
      </SFA>
      <SFA>
        <FILEPATH>c:\users\admin\source\repos\lastclass\lastclass\</FILEPATH>
        <FILENAME>array.h</FILENAME>
        <LINE>169</LINE>
        <COLUMN>6</COLUMN>
      </SFA>
      <SFA>
        <FILEPATH>c:\users\admin\source\repos\lastclass\lastclass\</FILEPATH>
        <FILENAME>array.h</FILENAME>
        <LINE>170</LINE>
        <COLUMN>6</COLUMN>
      </SFA>
      <SFA>
        <FILEPATH>c:\users\admin\source\repos\lastclass\lastclass\</FILEPATH>
        <FILENAME>array.h</FILENAME>
        <LINE>171</LINE>
        <COLUMN>20</COLUMN>
      </SFA>
      <SFA>
        <FILEPATH>c:\users\admin\source\repos\lastclass\lastclass\</FILEPATH>
        <FILENAME>array.h</FILENAME>
        <LINE>172</LINE>
        <COLUMN>7</COLUMN>
        <KEYEVENT>
          <ID>1</ID>
          <KIND>선언</KIND>
          <IMPORTANCE>Essential</IMPORTANCE>
          <MESSAGE>'temp'이(가) 1 요소의 배열입니다(4바이트).</MESSAGE>
        </KEYEVENT>
      </SFA>
      <SFA>
        <FILEPATH>c:\users\admin\source\repos\lastclass\lastclass\</FILEPATH>
        <FILENAME>array.h</FILENAME>
        <LINE>174</LINE>
        <COLUMN>10</COLUMN>
        <KEYEVENT>
          <ID>2</ID>
          <KIND>분기</KIND>
          <IMPORTANCE>Full</IMPORTANCE>
          <MESSAGE>이 루프 건너뛰기, ('i&lt;index'이(가) false라고 가정)</MESSAGE>
        </KEYEVENT>
      </SFA>
      <SFA>
        <FILEPATH>c:\users\admin\source\repos\lastclass\lastclass\</FILEPATH>
        <FILENAME>array.h</FILENAME>
        <LINE>179</LINE>
        <COLUMN>2</COLUMN>
      </SFA>
      <SFA>
        <FILEPATH>c:\users\admin\source\repos\lastclass\lastclass\</FILEPATH>
        <FILENAME>array.h</FILENAME>
        <LINE>180</LINE>
        <COLUMN>10</COLUMN>
        <KEYEVENT>
          <ID>3</ID>
          <KIND>분기</KIND>
          <IMPORTANCE>Full</IMPORTANCE>
          <MESSAGE>이 루프 시작, ('i&lt;this-&gt;length' 가정)</MESSAGE>
        </KEYEVENT>
      </SFA>
      <SFA>
        <FILEPATH>c:\users\admin\source\repos\lastclass\lastclass\</FILEPATH>
        <FILENAME>array.h</FILENAME>
        <LINE>181</LINE>
        <COLUMN>10</COLUMN>
      </SFA>
      <SFA>
        <FILEPATH>c:\users\admin\source\repos\lastclass\lastclass\</FILEPATH>
        <FILENAME>array.h</FILENAME>
        <LINE>182</LINE>
        <COLUMN>3</COLUMN>
        <KEYEVENT>
          <ID>4</ID>
          <KIND>선언</KIND>
          <IMPORTANCE>Essential</IMPORTANCE>
          <MESSAGE>'j'이(가) 1과(와) 같을 수 있습니다.</MESSAGE>
        </KEYEVENT>
      </SFA>
      <SFA>
        <FILEPATH>c:\users\admin\source\repos\lastclass\lastclass\</FILEPATH>
        <FILENAME>array.h</FILENAME>
        <LINE>183</LINE>
        <COLUMN>3</COLUMN>
      </SFA>
      <SFA>
        <FILEPATH>c:\users\admin\source\repos\lastclass\lastclass\</FILEPATH>
        <FILENAME>array.h</FILENAME>
        <LINE>180</LINE>
        <COLUMN>10</COLUMN>
        <KEYEVENT>
          <ID>5</ID>
          <KIND>분기</KIND>
          <IMPORTANCE>Full</IMPORTANCE>
          <MESSAGE>이 루프 계속, ('i&lt;this-&gt;length' 가정)</MESSAGE>
        </KEYEVENT>
      </SFA>
      <SFA>
        <FILEPATH>c:\users\admin\source\repos\lastclass\lastclass\</FILEPATH>
        <FILENAME>array.h</FILENAME>
        <LINE>181</LINE>
        <COLUMN>10</COLUMN>
        <KEYEVENT>
          <ID>6</ID>
          <KIND>사용법</KIND>
          <IMPORTANCE>Essential</IMPORTANCE>
          <MESSAGE>'temp[1]'에 쓰기가 잘못됨, (쓰기 가능한 범위는 0에서 0 사이임)</MESSAGE>
        </KEYEVENT>
      </SFA>
    </PATH>
  </DEFECT>
  <DEFECT>
    <SFA>
      <FILEPATH>c:\users\admin\source\repos\lastclass\lastclass\</FILEPATH>
      <FILENAME>array.h</FILENAME>
      <LINE>460</LINE>
      <COLUMN>17</COLUMN>
    </SFA>
    <DEFECTCODE>6386</DEFECTCODE>
    <DESCRIPTION>'this-&gt;front'에 쓰는 동안 버퍼 오버런이 발생했습니다.  쓰기 가능한 크기는 'source.capacity*4'바이트인데 실제로는 '8'바이트만 쓸 수 있습니다.</DESCRIPTION>
    <FUNCTION>Array&lt;Figure *&gt;::=</FUNCTION>
    <DECORATED>??4?$Array@PAVFigure@@@@QAEAAV0@ABV0@@Z</DECORATED>
    <FUNCLINE>450</FUNCLINE>
    <PROBABILITY>1</PROBABILITY>
    <RANK>4</RANK>
    <CATEGORY>
      <RULECATEGORY>mspft</RULECATEGORY>
    </CATEGORY>
    <PATH>
      <SFA>
        <FILEPATH>c:\users\admin\source\repos\lastclass\lastclass\</FILEPATH>
        <FILENAME>array.h</FILENAME>
        <LINE>452</LINE>
        <COLUMN>17</COLUMN>
      </SFA>
      <SFA>
        <FILEPATH>c:\users\admin\source\repos\lastclass\lastclass\</FILEPATH>
        <FILENAME>array.h</FILENAME>
        <LINE>457</LINE>
        <COLUMN>6</COLUMN>
      </SFA>
      <SFA>
        <FILEPATH>c:\users\admin\source\repos\lastclass\lastclass\</FILEPATH>
        <FILENAME>array.h</FILENAME>
        <LINE>458</LINE>
        <COLUMN>13</COLUMN>
      </SFA>
      <SFA>
        <FILEPATH>c:\users\admin\source\repos\lastclass\lastclass\</FILEPATH>
        <FILENAME>array.h</FILENAME>
        <LINE>459</LINE>
        <COLUMN>10</COLUMN>
        <KEYEVENT>
          <ID>1</ID>
          <KIND>분기</KIND>
          <IMPORTANCE>Full</IMPORTANCE>
          <MESSAGE>이 루프 시작, ('i&lt;source.length' 가정)</MESSAGE>
        </KEYEVENT>
      </SFA>
      <SFA>
        <FILEPATH>c:\users\admin\source\repos\lastclass\lastclass\</FILEPATH>
        <FILENAME>array.h</FILENAME>
        <LINE>460</LINE>
        <COLUMN>17</COLUMN>
      </SFA>
      <SFA>
        <FILEPATH>c:\users\admin\source\repos\lastclass\lastclass\</FILEPATH>
        <FILENAME>array.h</FILENAME>
        <LINE>461</LINE>
        <COLUMN>3</COLUMN>
        <KEYEVENT>
          <ID>2</ID>
          <KIND>선언</KIND>
          <IMPORTANCE>Essential</IMPORTANCE>
          <MESSAGE>'i'이(가) 1과(와) 같을 수 있습니다.</MESSAGE>
        </KEYEVENT>
      </SFA>
      <SFA>
        <FILEPATH>c:\users\admin\source\repos\lastclass\lastclass\</FILEPATH>
        <FILENAME>array.h</FILENAME>
        <LINE>459</LINE>
        <COLUMN>10</COLUMN>
        <KEYEVENT>
          <ID>3</ID>
          <KIND>분기</KIND>
          <IMPORTANCE>Full</IMPORTANCE>
          <MESSAGE>이 루프 계속, ('i&lt;source.length' 가정)</MESSAGE>
        </KEYEVENT>
      </SFA>
      <SFA>
        <FILEPATH>c:\users\admin\source\repos\lastclass\lastclass\</FILEPATH>
        <FILENAME>array.h</FILENAME>
        <LINE>460</LINE>
        <COLUMN>17</COLUMN>
        <KEYEVENT>
          <ID>4</ID>
          <KIND>사용법</KIND>
          <IMPORTANCE>Essential</IMPORTANCE>
          <MESSAGE>'this-&gt;front[1]'에 쓰기가 잘못됨, (쓰기 가능한 범위는 0에서 0 사이임)</MESSAGE>
        </KEYEVENT>
      </SFA>
    </PATH>
  </DEFECT>
</DEFECTS>